"Annee";"SectionCNU.ID";"QualificationDossiers.MCF";"QualificationQualifies.MCF";"PostesPublies.MCF";"Candidatures.MCF";"Candidats.MCF";"PostesPourvus.MCF";"Candidatures.MCF.F";"Candidatures.MCF.H";"Candidats.MCF.F";"Candidats.MCF.H";"Recrutes.MCF.F";"Recrutes.MCF.H"
2002;1;404;108;110;NA;NA;104;NA;NA;NA;NA;NA;NA
2002;2;321;59;62;NA;NA;58;NA;NA;NA;NA;NA;NA
2002;3;72;25;17;NA;NA;17;NA;NA;NA;NA;NA;NA
2002;4;216;50;15;NA;NA;15;NA;NA;NA;NA;NA;NA
2002;5;339;144;70;NA;NA;64;NA;NA;NA;NA;NA;NA
2002;6;283;114;151;NA;NA;29;NA;NA;NA;NA;NA;NA
2002;7;244;164;41;NA;NA;40;NA;NA;NA;NA;NA;NA
2002;8;59;35;22;NA;NA;22;NA;NA;NA;NA;NA;NA
2002;9;336;146;61;NA;NA;59;NA;NA;NA;NA;NA;NA
2002;10;134;41;14;NA;NA;14;NA;NA;NA;NA;NA;NA
2002;11;214;127;147;NA;NA;134;NA;NA;NA;NA;NA;NA
2002;12;69;33;34;NA;NA;30;NA;NA;NA;NA;NA;NA
2002;13;45;28;8;NA;NA;8;NA;NA;NA;NA;NA;NA
2002;14;189;75;71;NA;NA;63;NA;NA;NA;NA;NA;NA
2002;15;122;55;23;NA;NA;23;NA;NA;NA;NA;NA;NA
2002;16;317;129;73;NA;NA;65;NA;NA;NA;NA;NA;NA
2002;17;193;69;23;NA;NA;22;NA;NA;NA;NA;NA;NA
2002;18;282;130;45;NA;NA;42;NA;NA;NA;NA;NA;NA
2002;19;388;161;45;NA;NA;43;NA;NA;NA;NA;NA;NA
2002;20;252;109;12;NA;NA;11;NA;NA;NA;NA;NA;NA
2002;21;240;123;35;NA;NA;35;NA;NA;NA;NA;NA;NA
2002;22;430;225;53;NA;NA;50;NA;NA;NA;NA;NA;NA
2002;23;202;104;39;NA;NA;38;NA;NA;NA;NA;NA;NA
2002;24;131;60;5;NA;NA;5;NA;NA;NA;NA;NA;NA
2002;25;301;190;45;NA;NA;45;NA;NA;NA;NA;NA;NA
2002;26;355;194;56;NA;NA;54;NA;NA;NA;NA;NA;NA
2002;27;555;273;194;NA;NA;184;NA;NA;NA;NA;NA;NA
2002;28;478;313;44;NA;NA;44;NA;NA;NA;NA;NA;NA
2002;29;111;82;13;NA;NA;13;NA;NA;NA;NA;NA;NA
2002;30;191;127;21;NA;NA;21;NA;NA;NA;NA;NA;NA
2002;31;428;247;45;NA;NA;45;NA;NA;NA;NA;NA;NA
2002;32;450;283;46;NA;NA;46;NA;NA;NA;NA;NA;NA
2002;33;359;247;38;NA;NA;38;NA;NA;NA;NA;NA;NA
2002;34;60;42;6;NA;NA;6;NA;NA;NA;NA;NA;NA
2002;35;183;118;30;NA;NA;30;NA;NA;NA;NA;NA;NA
2002;36;194;104;16;NA;NA;16;NA;NA;NA;NA;NA;NA
2002;37;122;51;11;NA;NA;10;NA;NA;NA;NA;NA;NA
2002;60;479;241;87;NA;NA;81;NA;NA;NA;NA;NA;NA
2002;61;383;155;70;NA;NA;65;NA;NA;NA;NA;NA;NA
2002;62;292;158;45;NA;NA;44;NA;NA;NA;NA;NA;NA
2002;63;342;184;67;NA;NA;63;NA;NA;NA;NA;NA;NA
2002;64;863;433;39;NA;NA;37;NA;NA;NA;NA;NA;NA
2002;65;723;331;36;NA;NA;36;NA;NA;NA;NA;NA;NA
2002;66;426;192;27;NA;NA;27;NA;NA;NA;NA;NA;NA
2002;67;392;157;27;NA;NA;27;NA;NA;NA;NA;NA;NA
2002;68;382;204;20;NA;NA;19;NA;NA;NA;NA;NA;NA
2002;69;207;116;17;NA;NA;17;NA;NA;NA;NA;NA;NA
2002;70;324;103;39;NA;NA;37;NA;NA;NA;NA;NA;NA
2002;71;255;82;61;NA;NA;55;NA;NA;NA;NA;NA;NA
2002;72;63;25;4;NA;NA;4;NA;NA;NA;NA;NA;NA
2002;73;27;12;5;NA;NA;5;NA;NA;NA;NA;NA;NA
2002;74;180;69;60;NA;NA;58;NA;NA;NA;NA;NA;NA
2002;75;0;0;3;NA;NA;3;NA;NA;NA;NA;NA;NA
2002;85;138;70;20;NA;NA;19;NA;NA;NA;NA;NA;NA
2002;86;187;85;28;NA;NA;28;NA;NA;NA;NA;NA;NA
2002;87;291;112;21;NA;NA;20;NA;NA;NA;NA;NA;NA
2003;1;305;113;67;NA;NA;64;NA;NA;NA;NA;NA;NA
2003;2;234;57;56;NA;NA;54;NA;NA;NA;NA;NA;NA
2003;3;70;23;14;NA;NA;13;NA;NA;NA;NA;NA;NA
2003;4;166;63;12;NA;NA;12;NA;NA;NA;NA;NA;NA
2003;5;292;153;66;NA;NA;65;NA;NA;NA;NA;NA;NA
2003;6;234;96;114;NA;NA;99;NA;NA;NA;NA;NA;NA
2003;7;230;176;42;NA;NA;39;NA;NA;NA;NA;NA;NA
2003;8;55;32;17;NA;NA;17;NA;NA;NA;NA;NA;NA
2003;9;308;141;35;NA;NA;34;NA;NA;NA;NA;NA;NA
2003;10;163;37;9;NA;NA;9;NA;NA;NA;NA;NA;NA
2003;11;187;116;112;NA;NA;101;NA;NA;NA;NA;NA;NA
2003;12;62;34;21;NA;NA;19;NA;NA;NA;NA;NA;NA
2003;13;40;25;10;NA;NA;9;NA;NA;NA;NA;NA;NA
2003;14;155;76;67;NA;NA;61;NA;NA;NA;NA;NA;NA
2003;15;127;66;18;NA;NA;15;NA;NA;NA;NA;NA;NA
2003;16;284;130;66;NA;NA;63;NA;NA;NA;NA;NA;NA
2003;17;168;77;18;NA;NA;18;NA;NA;NA;NA;NA;NA
2003;18;245;155;35;NA;NA;33;NA;NA;NA;NA;NA;NA
2003;19;330;176;42;NA;NA;42;NA;NA;NA;NA;NA;NA
2003;20;225;112;11;NA;NA;11;NA;NA;NA;NA;NA;NA
2003;21;187;100;27;NA;NA;27;NA;NA;NA;NA;NA;NA
2003;22;373;207;43;NA;NA;41;NA;NA;NA;NA;NA;NA
2003;23;180;126;30;NA;NA;29;NA;NA;NA;NA;NA;NA
2003;24;137;71;11;NA;NA;11;NA;NA;NA;NA;NA;NA
2003;25;286;195;51;NA;NA;50;NA;NA;NA;NA;NA;NA
2003;26;390;234;67;NA;NA;66;NA;NA;NA;NA;NA;NA
2003;27;576;368;159;NA;NA;153;NA;NA;NA;NA;NA;NA
2003;28;481;347;67;NA;NA;66;NA;NA;NA;NA;NA;NA
2003;29;133;118;14;NA;NA;14;NA;NA;NA;NA;NA;NA
2003;30;199;168;29;NA;NA;29;NA;NA;NA;NA;NA;NA
2003;31;421;317;44;NA;NA;42;NA;NA;NA;NA;NA;NA
2003;32;439;315;45;NA;NA;44;NA;NA;NA;NA;NA;NA
2003;33;394;324;45;NA;NA;45;NA;NA;NA;NA;NA;NA
2003;34;70;61;3;NA;NA;3;NA;NA;NA;NA;NA;NA
2003;35;233;164;26;NA;NA;26;NA;NA;NA;NA;NA;NA
2003;36;228;149;16;NA;NA;15;NA;NA;NA;NA;NA;NA
2003;37;128;78;7;NA;NA;7;NA;NA;NA;NA;NA;NA
2003;60;498;311;85;NA;NA;83;NA;NA;NA;NA;NA;NA
2003;61;401;195;66;NA;NA;62;NA;NA;NA;NA;NA;NA
2003;62;325;200;36;NA;NA;35;NA;NA;NA;NA;NA;NA
2003;63;374;218;69;NA;NA;66;NA;NA;NA;NA;NA;NA
2003;64;841;522;42;NA;NA;40;NA;NA;NA;NA;NA;NA
2003;65;724;403;41;NA;NA;39;NA;NA;NA;NA;NA;NA
2003;66;455;215;32;NA;NA;31;NA;NA;NA;NA;NA;NA
2003;67;362;188;32;NA;NA;32;NA;NA;NA;NA;NA;NA
2003;68;404;237;20;NA;NA;20;NA;NA;NA;NA;NA;NA
2003;69;230;164;15;NA;NA;15;NA;NA;NA;NA;NA;NA
2003;70;277;100;43;NA;NA;39;NA;NA;NA;NA;NA;NA
2003;71;208;71;45;NA;NA;40;NA;NA;NA;NA;NA;NA
2003;72;64;46;7;NA;NA;6;NA;NA;NA;NA;NA;NA
2003;73;12;8;2;NA;NA;2;NA;NA;NA;NA;NA;NA
2003;74;188;87;50;NA;NA;44;NA;NA;NA;NA;NA;NA
2003;75;12;6;1;NA;NA;0;NA;NA;NA;NA;NA;NA
2003;85;164;88;16;NA;NA;15;NA;NA;NA;NA;NA;NA
2003;86;190;84;27;NA;NA;27;NA;NA;NA;NA;NA;NA
2003;87;311;135;13;NA;NA;12;NA;NA;NA;NA;NA;NA
2004;1;298;96;91;NA;NA;88;NA;NA;NA;NA;NA;NA
2004;2;265;55;45;NA;NA;43;NA;NA;NA;NA;NA;NA
2004;3;56;18;7;NA;NA;7;NA;NA;NA;NA;NA;NA
2004;4;207;79;17;NA;NA;16;NA;NA;NA;NA;NA;NA
2004;5;314;133;65;NA;NA;61;NA;NA;NA;NA;NA;NA
2004;6;297;119;115;NA;NA;106;NA;NA;NA;NA;NA;NA
2004;7;225;153;37;NA;NA;32;NA;NA;NA;NA;NA;NA
2004;8;54;38;16;NA;NA;15;NA;NA;NA;NA;NA;NA
2004;9;301;145;33;NA;NA;32;NA;NA;NA;NA;NA;NA
2004;10;160;48;15;NA;NA;13;NA;NA;NA;NA;NA;NA
2004;11;193;120;104;NA;NA;90;NA;NA;NA;NA;NA;NA
2004;12;67;41;24;NA;NA;23;NA;NA;NA;NA;NA;NA
2004;13;39;25;7;NA;NA;7;NA;NA;NA;NA;NA;NA
2004;14;170;92;70;NA;NA;57;NA;NA;NA;NA;NA;NA
2004;15;117;61;18;NA;NA;16;NA;NA;NA;NA;NA;NA
2004;16;278;114;63;NA;NA;58;NA;NA;NA;NA;NA;NA
2004;17;198;100;27;NA;NA;27;NA;NA;NA;NA;NA;NA
2004;18;243;133;31;NA;NA;29;NA;NA;NA;NA;NA;NA
2004;19;366;205;36;NA;NA;35;NA;NA;NA;NA;NA;NA
2004;20;228;141;7;NA;NA;7;NA;NA;NA;NA;NA;NA
2004;21;198;115;35;NA;NA;35;NA;NA;NA;NA;NA;NA
2004;22;376;248;47;NA;NA;45;NA;NA;NA;NA;NA;NA
2004;23;209;134;55;NA;NA;52;NA;NA;NA;NA;NA;NA
2004;24;153;60;7;NA;NA;7;NA;NA;NA;NA;NA;NA
2004;25;270;214;49;NA;NA;47;NA;NA;NA;NA;NA;NA
2004;26;387;259;52;NA;NA;51;NA;NA;NA;NA;NA;NA
2004;27;636;374;162;NA;NA;155;NA;NA;NA;NA;NA;NA
2004;28;570;379;68;NA;NA;67;NA;NA;NA;NA;NA;NA
2004;29;119;90;15;NA;NA;15;NA;NA;NA;NA;NA;NA
2004;30;248;191;33;NA;NA;32;NA;NA;NA;NA;NA;NA
2004;31;492;348;62;NA;NA;59;NA;NA;NA;NA;NA;NA
2004;32;502;332;60;NA;NA;59;NA;NA;NA;NA;NA;NA
2004;33;439;359;40;NA;NA;40;NA;NA;NA;NA;NA;NA
2004;34;89;72;11;NA;NA;10;NA;NA;NA;NA;NA;NA
2004;35;222;181;25;NA;NA;25;NA;NA;NA;NA;NA;NA
2004;36;217;145;17;NA;NA;16;NA;NA;NA;NA;NA;NA
2004;37;148;83;9;NA;NA;9;NA;NA;NA;NA;NA;NA
2004;60;568;381;113;NA;NA;109;NA;NA;NA;NA;NA;NA
2004;61;464;254;83;NA;NA;72;NA;NA;NA;NA;NA;NA
2004;62;365;236;44;NA;NA;43;NA;NA;NA;NA;NA;NA
2004;63;444;232;94;NA;NA;92;NA;NA;NA;NA;NA;NA
2004;64;936;525;53;NA;NA;53;NA;NA;NA;NA;NA;NA
2004;65;813;495;42;NA;NA;40;NA;NA;NA;NA;NA;NA
2004;66;529;266;44;NA;NA;44;NA;NA;NA;NA;NA;NA
2004;67;382;187;36;NA;NA;34;NA;NA;NA;NA;NA;NA
2004;68;418;251;29;NA;NA;28;NA;NA;NA;NA;NA;NA
2004;69;238;162;10;NA;NA;8;NA;NA;NA;NA;NA;NA
2004;70;316;118;37;NA;NA;34;NA;NA;NA;NA;NA;NA
2004;71;239;74;55;NA;NA;47;NA;NA;NA;NA;NA;NA
2004;72;72;46;3;NA;NA;3;NA;NA;NA;NA;NA;NA
2004;73;21;12;0;NA;NA;0;NA;NA;NA;NA;NA;NA
2004;74;216;106;52;NA;NA;50;NA;NA;NA;NA;NA;NA
2004;76;21;12;6;NA;NA;6;NA;NA;NA;NA;NA;NA
2004;77;4;0;0;NA;NA;0;NA;NA;NA;NA;NA;NA
2004;85;180;111;19;NA;NA;18;NA;NA;NA;NA;NA;NA
2004;86;205;96;35;NA;NA;34;NA;NA;NA;NA;NA;NA
2004;87;336;185;27;NA;NA;27;NA;NA;NA;NA;NA;NA
2005;1;309;81;73;NA;NA;70;NA;NA;NA;NA;NA;NA
2005;2;252;46;51;NA;NA;46;NA;NA;NA;NA;NA;NA
2005;3;47;22;8;NA;NA;8;NA;NA;NA;NA;NA;NA
2005;4;211;77;15;NA;NA;15;NA;NA;NA;NA;NA;NA
2005;5;315;135;54;NA;NA;53;NA;NA;NA;NA;NA;NA
2005;6;292;128;104;NA;NA;90;NA;NA;NA;NA;NA;NA
2005;7;255;152;39;NA;NA;37;NA;NA;NA;NA;NA;NA
2005;8;71;54;19;NA;NA;18;NA;NA;NA;NA;NA;NA
2005;9;291;138;44;NA;NA;44;NA;NA;NA;NA;NA;NA
2005;10;145;39;6;NA;NA;6;NA;NA;NA;NA;NA;NA
2005;11;178;118;77;NA;NA;65;NA;NA;NA;NA;NA;NA
2005;12;54;29;23;NA;NA;21;NA;NA;NA;NA;NA;NA
2005;13;33;25;7;NA;NA;7;NA;NA;NA;NA;NA;NA
2005;14;165;85;60;NA;NA;58;NA;NA;NA;NA;NA;NA
2005;15;123;58;22;NA;NA;16;NA;NA;NA;NA;NA;NA
2005;16;304;146;67;NA;NA;64;NA;NA;NA;NA;NA;NA
2005;17;194;102;21;NA;NA;21;NA;NA;NA;NA;NA;NA
2005;18;299;165;41;NA;NA;40;NA;NA;NA;NA;NA;NA
2005;19;373;203;46;NA;NA;45;NA;NA;NA;NA;NA;NA
2005;20;238;143;6;NA;NA;6;NA;NA;NA;NA;NA;NA
2005;21;253;146;44;NA;NA;43;NA;NA;NA;NA;NA;NA
2005;22;437;285;52;NA;NA;49;NA;NA;NA;NA;NA;NA
2005;23;219;121;51;NA;NA;49;NA;NA;NA;NA;NA;NA
2005;24;135;70;10;NA;NA;9;NA;NA;NA;NA;NA;NA
2005;25;279;223;50;NA;NA;50;NA;NA;NA;NA;NA;NA
2005;26;402;278;50;NA;NA;50;NA;NA;NA;NA;NA;NA
2005;27;653;404;141;NA;NA;137;NA;NA;NA;NA;NA;NA
2005;28;592;381;43;NA;NA;51;NA;NA;NA;NA;NA;NA
2005;29;153;114;10;NA;NA;9;NA;NA;NA;NA;NA;NA
2005;30;280;227;25;NA;NA;25;NA;NA;NA;NA;NA;NA
2005;31;496;329;40;NA;NA;39;NA;NA;NA;NA;NA;NA
2005;32;573;360;47;NA;NA;47;NA;NA;NA;NA;NA;NA
2005;33;463;349;30;NA;NA;30;NA;NA;NA;NA;NA;NA
2005;34;104;80;5;NA;NA;5;NA;NA;NA;NA;NA;NA
2005;35;205;129;28;NA;NA;28;NA;NA;NA;NA;NA;NA
2005;36;195;133;14;NA;NA;14;NA;NA;NA;NA;NA;NA
2005;37;123;76;8;NA;NA;7;NA;NA;NA;NA;NA;NA
2005;60;529;324;104;NA;NA;98;NA;NA;NA;NA;NA;NA
2005;61;492;263;74;NA;NA;71;NA;NA;NA;NA;NA;NA
2005;62;344;202;36;NA;NA;34;NA;NA;NA;NA;NA;NA
2005;63;446;237;67;NA;NA;66;NA;NA;NA;NA;NA;NA
2005;64;1040;495;44;NA;NA;43;NA;NA;NA;NA;NA;NA
2005;65;816;563;44;NA;NA;43;NA;NA;NA;NA;NA;NA
2005;66;555;270;36;NA;NA;34;NA;NA;NA;NA;NA;NA
2005;67;381;184;27;NA;NA;27;NA;NA;NA;NA;NA;NA
2005;68;418;274;18;NA;NA;18;NA;NA;NA;NA;NA;NA
2005;69;279;185;17;NA;NA;17;NA;NA;NA;NA;NA;NA
2005;70;285;101;34;NA;NA;33;NA;NA;NA;NA;NA;NA
2005;71;264;73;35;NA;NA;27;NA;NA;NA;NA;NA;NA
2005;72;83;50;4;NA;NA;4;NA;NA;NA;NA;NA;NA
2005;73;24;15;3;NA;NA;3;NA;NA;NA;NA;NA;NA
2005;74;251;116;47;NA;NA;52;NA;NA;NA;NA;NA;NA
2005;76;0;0;0;NA;NA;0;NA;NA;NA;NA;NA;NA
2005;77;5;2;1;NA;NA;1;NA;NA;NA;NA;NA;NA
2005;85;183;110;19;NA;NA;19;NA;NA;NA;NA;NA;NA
2005;86;213;110;25;NA;NA;24;NA;NA;NA;NA;NA;NA
2005;87;343;169;25;NA;NA;25;NA;NA;NA;NA;NA;NA
2006;1;283;88;58;NA;NA;55;NA;NA;NA;NA;NA;NA
2006;2;228;58;72;NA;NA;68;NA;NA;NA;NA;NA;NA
2006;3;55;19;8;NA;NA;7;NA;NA;NA;NA;NA;NA
2006;4;191;73;21;NA;NA;19;NA;NA;NA;NA;NA;NA
2006;5;249;121;61;NA;NA;55;NA;NA;NA;NA;NA;NA
2006;6;273;118;137;NA;NA;126;NA;NA;NA;NA;NA;NA
2006;7;248;161;43;NA;NA;40;NA;NA;NA;NA;NA;NA
2006;8;60;39;14;NA;NA;14;NA;NA;NA;NA;NA;NA
2006;9;265;123;37;NA;NA;36;NA;NA;NA;NA;NA;NA
2006;10;128;41;7;NA;NA;7;NA;NA;NA;NA;NA;NA
2006;11;178;129;89;NA;NA;80;NA;NA;NA;NA;NA;NA
2006;12;69;45;21;NA;NA;20;NA;NA;NA;NA;NA;NA
2006;13;32;21;7;NA;NA;7;NA;NA;NA;NA;NA;NA
2006;14;143;85;53;NA;NA;48;NA;NA;NA;NA;NA;NA
2006;15;106;49;21;NA;NA;17;NA;NA;NA;NA;NA;NA
2006;16;267;112;60;NA;NA;57;NA;NA;NA;NA;NA;NA
2006;17;187;113;9;NA;NA;8;NA;NA;NA;NA;NA;NA
2006;18;285;164;37;NA;NA;37;NA;NA;NA;NA;NA;NA
2006;19;341;193;39;NA;NA;38;NA;NA;NA;NA;NA;NA
2006;20;227;132;14;NA;NA;12;NA;NA;NA;NA;NA;NA
2006;21;215;111;47;NA;NA;46;NA;NA;NA;NA;NA;NA
2006;22;381;243;51;NA;NA;49;NA;NA;NA;NA;NA;NA
2006;23;203;131;51;NA;NA;51;NA;NA;NA;NA;NA;NA
2006;24;143;77;13;NA;NA;12;NA;NA;NA;NA;NA;NA
2006;25;288;217;54;NA;NA;53;NA;NA;NA;NA;NA;NA
2006;26;409;284;82;NA;NA;79;NA;NA;NA;NA;NA;NA
2006;27;688;435;161;NA;NA;153;NA;NA;NA;NA;NA;NA
2006;28;544;361;71;NA;NA;70;NA;NA;NA;NA;NA;NA
2006;29;128;102;16;NA;NA;16;NA;NA;NA;NA;NA;NA
2006;30;256;213;26;NA;NA;26;NA;NA;NA;NA;NA;NA
2006;31;462;370;47;NA;NA;45;NA;NA;NA;NA;NA;NA
2006;32;478;295;59;NA;NA;59;NA;NA;NA;NA;NA;NA
2006;33;428;323;46;NA;NA;46;NA;NA;NA;NA;NA;NA
2006;34;90;74;14;NA;NA;14;NA;NA;NA;NA;NA;NA
2006;35;183;124;32;NA;NA;30;NA;NA;NA;NA;NA;NA
2006;36;179;121;13;NA;NA;12;NA;NA;NA;NA;NA;NA
2006;37;126;87;11;NA;NA;11;NA;NA;NA;NA;NA;NA
2006;60;487;342;126;NA;NA;120;NA;NA;NA;NA;NA;NA
2006;61;492;262;83;NA;NA;77;NA;NA;NA;NA;NA;NA
2006;62;341;213;51;NA;NA;48;NA;NA;NA;NA;NA;NA
2006;63;381;208;74;NA;NA;73;NA;NA;NA;NA;NA;NA
2006;64;867;413;53;NA;NA;50;NA;NA;NA;NA;NA;NA
2006;65;794;522;48;NA;NA;45;NA;NA;NA;NA;NA;NA
2006;66;472;223;25;NA;NA;25;NA;NA;NA;NA;NA;NA
2006;67;413;206;27;NA;NA;27;NA;NA;NA;NA;NA;NA
2006;68;441;256;14;NA;NA;13;NA;NA;NA;NA;NA;NA
2006;69;226;152;18;NA;NA;16;NA;NA;NA;NA;NA;NA
2006;70;274;93;31;NA;NA;29;NA;NA;NA;NA;NA;NA
2006;71;230;60;49;NA;NA;44;NA;NA;NA;NA;NA;NA
2006;72;77;42;4;NA;NA;4;NA;NA;NA;NA;NA;NA
2006;73;21;8;1;NA;NA;1;NA;NA;NA;NA;NA;NA
2006;74;211;84;34;NA;NA;31;NA;NA;NA;NA;NA;NA
2006;76;11;7;2;NA;NA;1;NA;NA;NA;NA;NA;NA
2006;77;4;2;1;NA;NA;0;NA;NA;NA;NA;NA;NA
2006;85;187;108;23;NA;NA;22;NA;NA;NA;NA;NA;NA
2006;86;180;105;24;NA;NA;24;NA;NA;NA;NA;NA;NA
2006;87;332;179;28;NA;NA;27;NA;NA;NA;NA;NA;NA
2007;1;273;89;72;NA;NA;66;NA;NA;NA;NA;NA;NA
2007;2;217;48;52;NA;NA;48;NA;NA;NA;NA;NA;NA
2007;3;41;19;12;NA;NA;12;NA;NA;NA;NA;NA;NA
2007;4;216;98;23;NA;NA;22;NA;NA;NA;NA;NA;NA
2007;5;263;123;73;NA;NA;68;NA;NA;NA;NA;NA;NA
2007;6;310;144;134;NA;NA;115;NA;NA;NA;NA;NA;NA
2007;7;226;158;42;NA;NA;40;NA;NA;NA;NA;NA;NA
2007;8;74;55;11;NA;NA;10;NA;NA;NA;NA;NA;NA
2007;9;289;144;36;NA;NA;32;NA;NA;NA;NA;NA;NA
2007;10;132;38;10;NA;NA;10;NA;NA;NA;NA;NA;NA
2007;11;174;125;88;NA;NA;83;NA;NA;NA;NA;NA;NA
2007;12;61;39;26;NA;NA;26;NA;NA;NA;NA;NA;NA
2007;13;65;45;8;NA;NA;6;NA;NA;NA;NA;NA;NA
2007;14;152;85;46;NA;NA;44;NA;NA;NA;NA;NA;NA
2007;15;93;52;31;NA;NA;25;NA;NA;NA;NA;NA;NA
2007;16;291;124;61;NA;NA;54;NA;NA;NA;NA;NA;NA
2007;17;179;101;25;NA;NA;20;NA;NA;NA;NA;NA;NA
2007;18;283;170;34;NA;NA;32;NA;NA;NA;NA;NA;NA
2007;19;394;220;45;NA;NA;44;NA;NA;NA;NA;NA;NA
2007;20;212;123;11;NA;NA;11;NA;NA;NA;NA;NA;NA
2007;21;221;144;41;NA;NA;40;NA;NA;NA;NA;NA;NA
2007;22;419;265;43;NA;NA;42;NA;NA;NA;NA;NA;NA
2007;23;204;124;40;NA;NA;40;NA;NA;NA;NA;NA;NA
2007;24;129;70;11;NA;NA;11;NA;NA;NA;NA;NA;NA
2007;25;267;207;56;NA;NA;54;NA;NA;NA;NA;NA;NA
2007;26;384;252;81;NA;NA;75;NA;NA;NA;NA;NA;NA
2007;27;696;469;136;NA;NA;131;NA;NA;NA;NA;NA;NA
2007;28;460;315;55;NA;NA;54;NA;NA;NA;NA;NA;NA
2007;29;141;110;15;NA;NA;15;NA;NA;NA;NA;NA;NA
2007;30;194;168;26;NA;NA;25;NA;NA;NA;NA;NA;NA
2007;31;426;348;56;NA;NA;55;NA;NA;NA;NA;NA;NA
2007;32;420;277;49;NA;NA;49;NA;NA;NA;NA;NA;NA
2007;33;405;295;31;NA;NA;31;NA;NA;NA;NA;NA;NA
2007;34;106;87;10;NA;NA;10;NA;NA;NA;NA;NA;NA
2007;35;185;117;29;NA;NA;29;NA;NA;NA;NA;NA;NA
2007;36;202;136;12;NA;NA;12;NA;NA;NA;NA;NA;NA
2007;37;119;88;7;NA;NA;7;NA;NA;NA;NA;NA;NA
2007;60;510;350;110;NA;NA;103;NA;NA;NA;NA;NA;NA
2007;61;472;281;82;NA;NA;78;NA;NA;NA;NA;NA;NA
2007;62;307;190;47;NA;NA;46;NA;NA;NA;NA;NA;NA
2007;63;380;225;66;NA;NA;61;NA;NA;NA;NA;NA;NA
2007;64;809;411;46;NA;NA;45;NA;NA;NA;NA;NA;NA
2007;65;683;443;41;NA;NA;40;NA;NA;NA;NA;NA;NA
2007;66;428;198;24;NA;NA;24;NA;NA;NA;NA;NA;NA
2007;67;357;191;37;NA;NA;36;NA;NA;NA;NA;NA;NA
2007;68;411;253;25;NA;NA;25;NA;NA;NA;NA;NA;NA
2007;69;229;165;17;NA;NA;17;NA;NA;NA;NA;NA;NA
2007;70;288;116;47;NA;NA;41;NA;NA;NA;NA;NA;NA
2007;71;237;74;59;NA;NA;55;NA;NA;NA;NA;NA;NA
2007;72;81;60;5;NA;NA;5;NA;NA;NA;NA;NA;NA
2007;73;24;12;5;NA;NA;3;NA;NA;NA;NA;NA;NA
2007;74;211;106;33;NA;NA;30;NA;NA;NA;NA;NA;NA
2007;76;0;0;2;NA;NA;2;NA;NA;NA;NA;NA;NA
2007;77;16;6;1;NA;NA;1;NA;NA;NA;NA;NA;NA
2007;85;165;107;23;NA;NA;23;NA;NA;NA;NA;NA;NA
2007;86;216;132;44;NA;NA;44;NA;NA;NA;NA;NA;NA
2007;87;294;164;32;NA;NA;32;NA;NA;NA;NA;NA;NA
2008;1;277;87;78;NA;NA;71;NA;NA;NA;NA;NA;NA
2008;2;229;53;44;NA;NA;41;NA;NA;NA;NA;NA;NA
2008;3;67;24;9;NA;NA;9;NA;NA;NA;NA;NA;NA
2008;4;196;86;9;NA;NA;8;NA;NA;NA;NA;NA;NA
2008;5;272;132;81;NA;NA;71;NA;NA;NA;NA;NA;NA
2008;6;244;160;128;NA;NA;98;NA;NA;NA;NA;NA;NA
2008;7;271;165;33;NA;NA;32;NA;NA;NA;NA;NA;NA
2008;8;51;35;11;NA;NA;11;NA;NA;NA;NA;NA;NA
2008;9;244;135;52;NA;NA;51;NA;NA;NA;NA;NA;NA
2008;10;147;55;8;NA;NA;7;NA;NA;NA;NA;NA;NA
2008;11;206;149;86;NA;NA;73;NA;NA;NA;NA;NA;NA
2008;12;61;36;23;NA;NA;22;NA;NA;NA;NA;NA;NA
2008;13;44;31;8;NA;NA;7;NA;NA;NA;NA;NA;NA
2008;14;162;99;44;NA;NA;42;NA;NA;NA;NA;NA;NA
2008;15;93;79;19;NA;NA;18;NA;NA;NA;NA;NA;NA
2008;16;267;143;59;NA;NA;52;NA;NA;NA;NA;NA;NA
2008;17;207;114;23;NA;NA;23;NA;NA;NA;NA;NA;NA
2008;18;304;171;34;NA;NA;30;NA;NA;NA;NA;NA;NA
2008;19;389;190;30;NA;NA;29;NA;NA;NA;NA;NA;NA
2008;20;228;124;7;NA;NA;7;NA;NA;NA;NA;NA;NA
2008;21;196;121;35;NA;NA;34;NA;NA;NA;NA;NA;NA
2008;22;433;292;46;NA;NA;46;NA;NA;NA;NA;NA;NA
2008;23;224;144;33;NA;NA;31;NA;NA;NA;NA;NA;NA
2008;24;141;74;6;NA;NA;5;NA;NA;NA;NA;NA;NA
2008;25;240;220;38;NA;NA;38;NA;NA;NA;NA;NA;NA
2008;26;273;247;75;NA;NA;67;NA;NA;NA;NA;NA;NA
2008;27;662;478;115;NA;NA;114;NA;NA;NA;NA;NA;NA
2008;28;510;353;57;NA;NA;56;NA;NA;NA;NA;NA;NA
2008;29;115;96;17;NA;NA;16;NA;NA;NA;NA;NA;NA
2008;30;231;220;23;NA;NA;23;NA;NA;NA;NA;NA;NA
2008;31;447;340;48;NA;NA;47;NA;NA;NA;NA;NA;NA
2008;32;369;283;41;NA;NA;41;NA;NA;NA;NA;NA;NA
2008;33;329;288;37;NA;NA;34;NA;NA;NA;NA;NA;NA
2008;34;99;83;12;NA;NA;12;NA;NA;NA;NA;NA;NA
2008;35;137;119;30;NA;NA;28;NA;NA;NA;NA;NA;NA
2008;36;180;149;13;NA;NA;12;NA;NA;NA;NA;NA;NA
2008;37;101;79;7;NA;NA;7;NA;NA;NA;NA;NA;NA
2008;60;477;350;120;NA;NA;102;NA;NA;NA;NA;NA;NA
2008;61;417;259;65;NA;NA;60;NA;NA;NA;NA;NA;NA
2008;62;306;198;36;NA;NA;35;NA;NA;NA;NA;NA;NA
2008;63;262;182;56;NA;NA;53;NA;NA;NA;NA;NA;NA
2008;64;831;453;39;NA;NA;39;NA;NA;NA;NA;NA;NA
2008;65;755;509;36;NA;NA;36;NA;NA;NA;NA;NA;NA
2008;66;300;259;25;NA;NA;25;NA;NA;NA;NA;NA;NA
2008;67;329;238;31;NA;NA;30;NA;NA;NA;NA;NA;NA
2008;68;424;266;18;NA;NA;17;NA;NA;NA;NA;NA;NA
2008;69;215;172;15;NA;NA;13;NA;NA;NA;NA;NA;NA
2008;70;300;105;39;NA;NA;36;NA;NA;NA;NA;NA;NA
2008;71;263;100;34;NA;NA;32;NA;NA;NA;NA;NA;NA
2008;72;106;80;3;NA;NA;2;NA;NA;NA;NA;NA;NA
2008;73;27;14;2;NA;NA;1;NA;NA;NA;NA;NA;NA
2008;74;220;111;37;NA;NA;34;NA;NA;NA;NA;NA;NA
2008;76;0;0;1;NA;NA;1;NA;NA;NA;NA;NA;NA
2008;77;5;3;2;NA;NA;2;NA;NA;NA;NA;NA;NA
2008;85;178;105;27;NA;NA;25;NA;NA;NA;NA;NA;NA
2008;86;227;136;35;NA;NA;34;NA;NA;NA;NA;NA;NA
2008;87;286;136;20;NA;NA;19;NA;NA;NA;NA;NA;NA
2009;1;259;88;65;NA;225;NA;NA;NA;NA;NA;NA;NA
2009;2;210;42;58;NA;111;NA;NA;NA;NA;NA;NA;NA
2009;3;58;27;10;NA;69;NA;NA;NA;NA;NA;NA;NA
2009;4;269;101;16;NA;243;NA;NA;NA;NA;NA;NA;NA
2009;5;294;131;97;NA;286;NA;NA;NA;NA;NA;NA;NA
2009;6;273;162;126;NA;418;NA;NA;NA;NA;NA;NA;NA
2009;7;312;190;35;NA;392;NA;NA;NA;NA;NA;NA;NA
2009;8;59;47;10;NA;90;NA;NA;NA;NA;NA;NA;NA
2009;9;313;155;47;NA;558;NA;NA;NA;NA;NA;NA;NA
2009;10;140;59;5;NA;122;NA;NA;NA;NA;NA;NA;NA
2009;11;204;122;96;NA;344;NA;NA;NA;NA;NA;NA;NA
2009;12;61;45;20;NA;103;NA;NA;NA;NA;NA;NA;NA
2009;13;52;34;4;NA;40;NA;NA;NA;NA;NA;NA;NA
2009;14;184;100;58;NA;281;NA;NA;NA;NA;NA;NA;NA
2009;15;125;88;18;NA;90;NA;NA;NA;NA;NA;NA;NA
2009;16;282;139;66;NA;310;NA;NA;NA;NA;NA;NA;NA
2009;17;242;111;13;NA;267;NA;NA;NA;NA;NA;NA;NA
2009;18;367;198;34;NA;437;NA;NA;NA;NA;NA;NA;NA
2009;19;397;263;42;NA;564;NA;NA;NA;NA;NA;NA;NA
2009;20;242;119;7;NA;173;NA;NA;NA;NA;NA;NA;NA
2009;21;245;158;26;NA;263;NA;NA;NA;NA;NA;NA;NA
2009;22;493;313;41;NA;569;NA;NA;NA;NA;NA;NA;NA
2009;23;203;136;44;NA;307;NA;NA;NA;NA;NA;NA;NA
2009;24;155;74;14;NA;187;NA;NA;NA;NA;NA;NA;NA
2009;25;271;249;61;NA;499;NA;NA;NA;NA;NA;NA;NA
2009;26;311;256;86;NA;545;NA;NA;NA;NA;NA;NA;NA
2009;27;707;466;141;NA;689;NA;NA;NA;NA;NA;NA;NA
2009;28;444;373;43;NA;405;NA;NA;NA;NA;NA;NA;NA
2009;29;150;117;16;NA;135;NA;NA;NA;NA;NA;NA;NA
2009;30;270;232;20;NA;201;NA;NA;NA;NA;NA;NA;NA
2009;31;451;294;52;NA;400;NA;NA;NA;NA;NA;NA;NA
2009;32;441;278;50;NA;435;NA;NA;NA;NA;NA;NA;NA
2009;33;346;304;37;NA;304;NA;NA;NA;NA;NA;NA;NA
2009;34;138;121;11;NA;90;NA;NA;NA;NA;NA;NA;NA
2009;35;166;141;29;NA;163;NA;NA;NA;NA;NA;NA;NA
2009;36;163;127;7;NA;52;NA;NA;NA;NA;NA;NA;NA
2009;37;113;93;10;NA;53;NA;NA;NA;NA;NA;NA;NA
2009;60;448;311;118;NA;432;NA;NA;NA;NA;NA;NA;NA
2009;61;364;219;58;NA;349;NA;NA;NA;NA;NA;NA;NA
2009;62;302;185;45;NA;241;NA;NA;NA;NA;NA;NA;NA
2009;63;368;156;52;NA;245;NA;NA;NA;NA;NA;NA;NA
2009;64;942;514;48;NA;475;NA;NA;NA;NA;NA;NA;NA
2009;65;873;662;45;NA;417;NA;NA;NA;NA;NA;NA;NA
2009;66;331;272;35;NA;303;NA;NA;NA;NA;NA;NA;NA
2009;67;314;205;33;NA;259;NA;NA;NA;NA;NA;NA;NA
2009;68;332;256;21;NA;176;NA;NA;NA;NA;NA;NA;NA
2009;69;333;259;10;NA;119;NA;NA;NA;NA;NA;NA;NA
2009;70;332;108;47;NA;381;NA;NA;NA;NA;NA;NA;NA
2009;71;257;71;46;NA;269;NA;NA;NA;NA;NA;NA;NA
2009;72;113;72;4;NA;57;NA;NA;NA;NA;NA;NA;NA
2009;73;47;25;2;NA;14;NA;NA;NA;NA;NA;NA;NA
2009;74;207;98;41;NA;235;NA;NA;NA;NA;NA;NA;NA
2009;76;11;5;1;NA;3;NA;NA;NA;NA;NA;NA;NA
2009;77;7;5;3;NA;5;NA;NA;NA;NA;NA;NA;NA
2009;85;155;112;22;NA;115;NA;NA;NA;NA;NA;NA;NA
2009;86;207;125;31;NA;200;NA;NA;NA;NA;NA;NA;NA
2009;87;306;198;17;NA;121;NA;NA;NA;NA;NA;NA;NA
2010;1;219;80;73;NA;202;NA;NA;NA;NA;NA;NA;NA
2010;2;203;57;47;NA;121;NA;NA;NA;NA;NA;NA;NA
2010;3;30;12;8;NA;61;NA;NA;NA;NA;NA;NA;NA
2010;4;192;66;17;NA;232;NA;NA;NA;NA;NA;NA;NA
2010;5;336;127;88;NA;267;NA;NA;NA;NA;NA;NA;NA
2010;6;289;180;159;NA;325;NA;NA;NA;NA;NA;NA;NA
2010;7;253;171;40;NA;359;NA;NA;NA;NA;NA;NA;NA
2010;8;66;49;10;NA;120;NA;NA;NA;NA;NA;NA;NA
2010;9;229;106;40;NA;505;NA;NA;NA;NA;NA;NA;NA
2010;10;108;51;5;NA;140;NA;NA;NA;NA;NA;NA;NA
2010;11;180;115;74;NA;318;NA;NA;NA;NA;NA;NA;NA
2010;12;53;32;16;NA;91;NA;NA;NA;NA;NA;NA;NA
2010;13;35;24;6;NA;67;NA;NA;NA;NA;NA;NA;NA
2010;14;152;83;45;NA;263;NA;NA;NA;NA;NA;NA;NA
2010;15;80;63;22;NA;126;NA;NA;NA;NA;NA;NA;NA
2010;16;228;106;66;NA;373;NA;NA;NA;NA;NA;NA;NA
2010;17;216;114;14;NA;225;NA;NA;NA;NA;NA;NA;NA
2010;18;318;152;35;NA;432;NA;NA;NA;NA;NA;NA;NA
2010;19;354;219;48;NA;770;NA;NA;NA;NA;NA;NA;NA
2010;20;232;125;3;NA;62;NA;NA;NA;NA;NA;NA;NA
2010;21;206;145;33;NA;326;NA;NA;NA;NA;NA;NA;NA
2010;22;375;232;42;NA;601;NA;NA;NA;NA;NA;NA;NA
2010;23;199;132;47;NA;309;NA;NA;NA;NA;NA;NA;NA
2010;24;156;77;15;NA;158;NA;NA;NA;NA;NA;NA;NA
2010;25;230;207;46;NA;447;NA;NA;NA;NA;NA;NA;NA
2010;26;275;249;84;NA;493;NA;NA;NA;NA;NA;NA;NA
2010;27;678;440;139;NA;684;NA;NA;NA;NA;NA;NA;NA
2010;28;342;292;39;NA;377;NA;NA;NA;NA;NA;NA;NA
2010;29;110;99;12;NA;128;NA;NA;NA;NA;NA;NA;NA
2010;30;190;168;13;NA;151;NA;NA;NA;NA;NA;NA;NA
2010;31;323;263;43;NA;381;NA;NA;NA;NA;NA;NA;NA
2010;32;444;297;47;NA;446;NA;NA;NA;NA;NA;NA;NA
2010;33;278;251;25;NA;293;NA;NA;NA;NA;NA;NA;NA
2010;34;68;52;7;NA;58;NA;NA;NA;NA;NA;NA;NA
2010;35;155;121;31;NA;190;NA;NA;NA;NA;NA;NA;NA
2010;36;176;143;8;NA;62;NA;NA;NA;NA;NA;NA;NA
2010;37;75;62;9;NA;56;NA;NA;NA;NA;NA;NA;NA
2010;60;435;288;114;NA;378;NA;NA;NA;NA;NA;NA;NA
2010;61;370;220;56;NA;352;NA;NA;NA;NA;NA;NA;NA
2010;62;293;175;41;NA;203;NA;NA;NA;NA;NA;NA;NA
2010;63;277;148;50;NA;265;NA;NA;NA;NA;NA;NA;NA
2010;64;747;372;46;NA;438;NA;NA;NA;NA;NA;NA;NA
2010;65;675;490;45;NA;436;NA;NA;NA;NA;NA;NA;NA
2010;66;264;202;33;NA;289;NA;NA;NA;NA;NA;NA;NA
2010;67;274;138;41;NA;253;NA;NA;NA;NA;NA;NA;NA
2010;68;282;249;12;NA;114;NA;NA;NA;NA;NA;NA;NA
2010;69;218;163;11;NA;116;NA;NA;NA;NA;NA;NA;NA
2010;70;264;87;47;NA;380;NA;NA;NA;NA;NA;NA;NA
2010;71;203;60;42;NA;269;NA;NA;NA;NA;NA;NA;NA
2010;72;89;48;4;NA;55;NA;NA;NA;NA;NA;NA;NA
2010;73;30;13;4;NA;18;NA;NA;NA;NA;NA;NA;NA
2010;74;168;86;36;NA;233;NA;NA;NA;NA;NA;NA;NA
2010;76;11;4;0;NA;0;NA;NA;NA;NA;NA;NA;NA
2010;77;11;7;1;NA;1;NA;NA;NA;NA;NA;NA;NA
2010;85;89;66;20;NA;105;NA;NA;NA;NA;NA;NA;NA
2010;86;114;92;13;NA;117;NA;NA;NA;NA;NA;NA;NA
2010;87;150;116;29;NA;163;NA;NA;NA;NA;NA;NA;NA
2011;1;245;90;76;NA;252;NA;NA;NA;NA;NA;NA;NA
2011;2;202;41;67;NA;144;NA;NA;NA;NA;NA;NA;NA
2011;3;43;20;11;NA;64;NA;NA;NA;NA;NA;NA;NA
2011;4;254;98;11;NA;233;NA;NA;NA;NA;NA;NA;NA
2011;5;315;172;89;NA;328;NA;NA;NA;NA;NA;NA;NA
2011;6;250;134;121;NA;409;NA;NA;NA;NA;NA;NA;NA
2011;7;239;150;39;NA;369;NA;NA;NA;NA;NA;NA;NA
2011;8;46;36;6;NA;83;NA;NA;NA;NA;NA;NA;NA
2011;9;210;99;37;NA;470;NA;NA;NA;NA;NA;NA;NA
2011;10;75;39;6;NA;172;NA;NA;NA;NA;NA;NA;NA
2011;11;166;113;65;NA;306;NA;NA;NA;NA;NA;NA;NA
2011;12;47;28;17;NA;93;NA;NA;NA;NA;NA;NA;NA
2011;13;41;25;4;NA;49;NA;NA;NA;NA;NA;NA;NA
2011;14;160;97;52;NA;293;NA;NA;NA;NA;NA;NA;NA
2011;15;90;62;21;NA;110;NA;NA;NA;NA;NA;NA;NA
2011;16;243;110;76;NA;334;NA;NA;NA;NA;NA;NA;NA
2011;17;228;129;18;NA;317;NA;NA;NA;NA;NA;NA;NA
2011;18;337;200;49;NA;568;NA;NA;NA;NA;NA;NA;NA
2011;19;430;237;31;NA;522;NA;NA;NA;NA;NA;NA;NA
2011;20;232;111;8;NA;190;NA;NA;NA;NA;NA;NA;NA
2011;21;196;130;26;NA;323;NA;NA;NA;NA;NA;NA;NA
2011;22;449;289;46;NA;696;NA;NA;NA;NA;NA;NA;NA
2011;23;180;130;31;NA;274;NA;NA;NA;NA;NA;NA;NA
2011;24;135;75;14;NA;149;NA;NA;NA;NA;NA;NA;NA
2011;25;212;201;57;NA;506;NA;NA;NA;NA;NA;NA;NA
2011;26;308;289;75;NA;534;NA;NA;NA;NA;NA;NA;NA
2011;27;709;447;108;NA;647;NA;NA;NA;NA;NA;NA;NA
2011;28;380;335;42;NA;440;NA;NA;NA;NA;NA;NA;NA
2011;29;136;123;9;NA;153;NA;NA;NA;NA;NA;NA;NA
2011;30;208;198;12;NA;110;NA;NA;NA;NA;NA;NA;NA
2011;31;335;256;39;NA;360;NA;NA;NA;NA;NA;NA;NA
2011;32;399;280;43;NA;445;NA;NA;NA;NA;NA;NA;NA
2011;33;256;228;37;NA;347;NA;NA;NA;NA;NA;NA;NA
2011;34;94;78;4;NA;34;NA;NA;NA;NA;NA;NA;NA
2011;35;190;152;22;NA;174;NA;NA;NA;NA;NA;NA;NA
2011;36;201;169;9;NA;97;NA;NA;NA;NA;NA;NA;NA
2011;37;84;70;5;NA;32;NA;NA;NA;NA;NA;NA;NA
2011;60;501;362;83;NA;415;NA;NA;NA;NA;NA;NA;NA
2011;61;423;234;64;NA;392;NA;NA;NA;NA;NA;NA;NA
2011;62;236;184;44;NA;247;NA;NA;NA;NA;NA;NA;NA
2011;63;341;165;56;NA;293;NA;NA;NA;NA;NA;NA;NA
2011;64;770;443;54;NA;518;NA;NA;NA;NA;NA;NA;NA
2011;65;688;473;30;NA;383;NA;NA;NA;NA;NA;NA;NA
2011;66;234;182;21;NA;251;NA;NA;NA;NA;NA;NA;NA
2011;67;341;218;30;NA;245;NA;NA;NA;NA;NA;NA;NA
2011;68;283;246;15;NA;134;NA;NA;NA;NA;NA;NA;NA
2011;69;219;160;18;NA;153;NA;NA;NA;NA;NA;NA;NA
2011;70;292;97;45;NA;349;NA;NA;NA;NA;NA;NA;NA
2011;71;220;71;45;NA;305;NA;NA;NA;NA;NA;NA;NA
2011;72;102;67;4;NA;93;NA;NA;NA;NA;NA;NA;NA
2011;73;22;9;2;NA;9;NA;NA;NA;NA;NA;NA;NA
2011;74;153;91;43;NA;245;NA;NA;NA;NA;NA;NA;NA
2011;76;16;10;0;NA;0;NA;NA;NA;NA;NA;NA;NA
2011;77;7;3;1;NA;6;NA;NA;NA;NA;NA;NA;NA
2011;85;105;76;13;NA;79;NA;NA;NA;NA;NA;NA;NA
2011;86;126;104;20;NA;164;NA;NA;NA;NA;NA;NA;NA
2011;87;204;160;18;NA;177;NA;NA;NA;NA;NA;NA;NA
2012;1;250;82;97;NA;234;NA;NA;NA;NA;NA;NA;NA
2012;2;225;54;49;NA;111;NA;NA;NA;NA;NA;NA;NA
2012;3;51;18;10;NA;61;NA;NA;NA;NA;NA;NA;NA
2012;4;253;105;21;NA;309;NA;NA;NA;NA;NA;NA;NA
2012;5;313;190;87;NA;309;NA;NA;NA;NA;NA;NA;NA
2012;6;314;169;134;NA;354;NA;NA;NA;NA;NA;NA;NA
2012;7;279;191;42;NA;463;NA;NA;NA;NA;NA;NA;NA
2012;8;55;46;8;NA;82;NA;NA;NA;NA;NA;NA;NA
2012;9;224;135;27;NA;366;NA;NA;NA;NA;NA;NA;NA
2012;10;120;63;3;NA;81;NA;NA;NA;NA;NA;NA;NA
2012;11;212;154;68;NA;392;NA;NA;NA;NA;NA;NA;NA
2012;12;56;42;13;NA;101;NA;NA;NA;NA;NA;NA;NA
2012;13;41;25;3;NA;35;NA;NA;NA;NA;NA;NA;NA
2012;14;172;117;36;NA;289;NA;NA;NA;NA;NA;NA;NA
2012;15;103;72;26;NA;126;NA;NA;NA;NA;NA;NA;NA
2012;16;261;132;64;NA;337;NA;NA;NA;NA;NA;NA;NA
2012;17;225;156;12;NA;262;NA;NA;NA;NA;NA;NA;NA
2012;18;369;177;30;NA;450;NA;NA;NA;NA;NA;NA;NA
2012;19;403;215;46;NA;687;NA;NA;NA;NA;NA;NA;NA
2012;20;186;129;12;NA;211;NA;NA;NA;NA;NA;NA;NA
2012;21;188;135;30;NA;316;NA;NA;NA;NA;NA;NA;NA
2012;22;421;320;48;NA;680;NA;NA;NA;NA;NA;NA;NA
2012;23;187;124;28;NA;285;NA;NA;NA;NA;NA;NA;NA
2012;24;138;57;11;NA;133;NA;NA;NA;NA;NA;NA;NA
2012;25;229;223;42;NA;425;NA;NA;NA;NA;NA;NA;NA
2012;26;305;271;56;NA;421;NA;NA;NA;NA;NA;NA;NA
2012;27;669;450;119;NA;677;NA;NA;NA;NA;NA;NA;NA
2012;28;366;322;28;NA;373;NA;NA;NA;NA;NA;NA;NA
2012;29;125;111;7;NA;93;NA;NA;NA;NA;NA;NA;NA
2012;30;196;185;12;NA;138;NA;NA;NA;NA;NA;NA;NA
2012;31;417;343;38;NA;397;NA;NA;NA;NA;NA;NA;NA
2012;32;350;298;25;NA;396;NA;NA;NA;NA;NA;NA;NA
2012;33;261;234;28;NA;282;NA;NA;NA;NA;NA;NA;NA
2012;34;68;61;5;NA;51;NA;NA;NA;NA;NA;NA;NA
2012;35;194;170;27;NA;210;NA;NA;NA;NA;NA;NA;NA
2012;36;190;161;13;NA;83;NA;NA;NA;NA;NA;NA;NA
2012;37;86;76;3;NA;16;NA;NA;NA;NA;NA;NA;NA
2012;60;447;336;99;NA;410;NA;NA;NA;NA;NA;NA;NA
2012;61;396;268;51;NA;324;NA;NA;NA;NA;NA;NA;NA
2012;62;314;189;40;NA;269;NA;NA;NA;NA;NA;NA;NA
2012;63;256;161;35;NA;196;NA;NA;NA;NA;NA;NA;NA
2012;64;547;418;36;NA;456;NA;NA;NA;NA;NA;NA;NA
2012;65;708;465;35;NA;463;NA;NA;NA;NA;NA;NA;NA
2012;66;252;193;20;NA;190;NA;NA;NA;NA;NA;NA;NA
2012;67;302;208;26;NA;216;NA;NA;NA;NA;NA;NA;NA
2012;68;301;269;16;NA;181;NA;NA;NA;NA;NA;NA;NA
2012;69;230;178;13;NA;98;NA;NA;NA;NA;NA;NA;NA
2012;70;261;76;37;NA;395;NA;NA;NA;NA;NA;NA;NA
2012;71;224;70;36;NA;300;NA;NA;NA;NA;NA;NA;NA
2012;72;89;81;3;NA;57;NA;NA;NA;NA;NA;NA;NA
2012;73;30;22;3;NA;9;NA;NA;NA;NA;NA;NA;NA
2012;74;160;77;43;NA;239;NA;NA;NA;NA;NA;NA;NA
2012;76;11;6;1;NA;10;NA;NA;NA;NA;NA;NA;NA
2012;77;5;4;0;NA;0;NA;NA;NA;NA;NA;NA;NA
2012;85;110;74;14;NA;89;NA;NA;NA;NA;NA;NA;NA
2012;86;124;93;24;NA;221;NA;NA;NA;NA;NA;NA;NA
2012;87;211;156;12;NA;105;NA;NA;NA;NA;NA;NA;NA
2013;1;215;67;75;3017;176;72;NA;NA;NA;NA;NA;NA
2013;2;212;46;71;2443;125;61;NA;NA;NA;NA;NA;NA
2013;3;36;22;16;533;63;15;NA;NA;NA;NA;NA;NA
2013;4;253;100;16;747;273;15;NA;NA;NA;NA;NA;NA
2013;5;316;166;72;3558;382;72;NA;NA;NA;NA;NA;NA
2013;6;361;196;121;3199;402;111;NA;NA;NA;NA;NA;NA
2013;7;297;202;49;2000;460;43;NA;NA;NA;NA;NA;NA
2013;8;57;45;3;92;71;3;NA;NA;NA;NA;NA;NA
2013;9;229;132;37;1764;525;34;NA;NA;NA;NA;NA;NA
2013;10;102;66;7;657;170;7;NA;NA;NA;NA;NA;NA
2013;11;162;127;67;2392;326;63;NA;NA;NA;NA;NA;NA
2013;12;50;33;10;204;93;10;NA;NA;NA;NA;NA;NA
2013;13;29;23;5;98;55;5;NA;NA;NA;NA;NA;NA
2013;14;190;126;45;1821;343;43;NA;NA;NA;NA;NA;NA
2013;15;133;100;22;260;110;20;NA;NA;NA;NA;NA;NA
2013;16;252;161;64;1241;318;61;NA;NA;NA;NA;NA;NA
2013;17;221;167;7;496;267;7;NA;NA;NA;NA;NA;NA
2013;18;325;187;42;1826;465;42;NA;NA;NA;NA;NA;NA
2013;19;385;221;28;2319;527;27;NA;NA;NA;NA;NA;NA
2013;20;220;133;6;102;89;6;NA;NA;NA;NA;NA;NA
2013;21;196;134;29;1017;313;28;NA;NA;NA;NA;NA;NA
2013;22;412;318;33;2013;651;33;NA;NA;NA;NA;NA;NA
2013;23;175;143;27;1005;292;26;NA;NA;NA;NA;NA;NA
2013;24;119;66;12;426;154;11;NA;NA;NA;NA;NA;NA
2013;25;255;242;32;3275;430;32;NA;NA;NA;NA;NA;NA
2013;26;358;290;49;2181;419;49;NA;NA;NA;NA;NA;NA
2013;27;608;448;97;2945;650;94;NA;NA;NA;NA;NA;NA
2013;28;356;314;36;774;422;36;NA;NA;NA;NA;NA;NA
2013;29;124;106;6;113;91;6;NA;NA;NA;NA;NA;NA
2013;30;207;190;10;128;102;10;NA;NA;NA;NA;NA;NA
2013;31;335;261;28;731;368;26;NA;NA;NA;NA;NA;NA
2013;32;269;234;23;1589;427;23;NA;NA;NA;NA;NA;NA
2013;33;280;238;17;471;225;17;NA;NA;NA;NA;NA;NA
2013;34;100;92;9;105;82;8;NA;NA;NA;NA;NA;NA
2013;35;156;136;17;242;168;16;NA;NA;NA;NA;NA;NA
2013;36;187;165;6;51;42;6;NA;NA;NA;NA;NA;NA
2013;37;85;71;4;36;30;4;NA;NA;NA;NA;NA;NA
2013;60;454;321;92;1526;407;83;NA;NA;NA;NA;NA;NA
2013;61;370;218;52;1042;341;51;NA;NA;NA;NA;NA;NA
2013;62;213;158;26;448;204;26;NA;NA;NA;NA;NA;NA
2013;63;291;194;36;621;246;34;NA;NA;NA;NA;NA;NA
2013;64;568;449;31;715;397;29;NA;NA;NA;NA;NA;NA
2013;65;689;485;25;449;297;25;NA;NA;NA;NA;NA;NA
2013;66;294;247;7;135;107;7;NA;NA;NA;NA;NA;NA
2013;67;369;249;18;273;176;16;NA;NA;NA;NA;NA;NA
2013;68;293;263;11;175;116;10;NA;NA;NA;NA;NA;NA
2013;69;202;167;7;123;87;7;NA;NA;NA;NA;NA;NA
2013;70;248;122;45;1287;393;44;NA;NA;NA;NA;NA;NA
2013;71;258;85;50;1310;311;43;NA;NA;NA;NA;NA;NA
2013;72;78;66;3;84;70;3;NA;NA;NA;NA;NA;NA
2013;73;25;19;1;0;0;0;NA;NA;NA;NA;NA;NA
2013;74;146;89;42;730;229;42;NA;NA;NA;NA;NA;NA
2013;76;18;9;1;9;9;1;NA;NA;NA;NA;NA;NA
2013;77;4;1;0;0;0;0;NA;NA;NA;NA;NA;NA
2013;85;91;74;10;123;76;10;NA;NA;NA;NA;NA;NA
2013;86;102;84;12;225;142;12;NA;NA;NA;NA;NA;NA
2013;87;177;115;8;108;93;8;NA;NA;NA;NA;NA;NA
2014;1;222;68;80;2917;164;77;1699;1218;99;65;34;23
2014;2;228;53;41;1529;106;41;720;809;48;58;17;15
2014;3;45;13;7;119;45;7;36;83;16;29;NA;4
2014;4;242;102;20;1518;321;20;700;818;136;185;9;8
2014;5;309;185;52;3256;327;50;1127;2129;125;202;17;22
2014;6;350;195;115;3529;337;109;1690;1839;176;161;38;35
2014;7;273;182;33;1653;393;32;1227;426;277;116;22;4
2014;8;61;45;9;298;115;9;216;82;78;37;6;3
2014;9;236;146;18;745;410;16;518;227;287;123;7;4
2014;10;99;59;7;734;246;7;504;230;163;83;4;3
2014;11;191;129;61;2087;389;59;1416;671;255;134;31;17
2014;12;52;42;8;250;87;8;182;68;61;26;4;1
2014;13;32;22;2;30;30;1;26;4;26;4;1;NA
2014;14;167;100;40;1732;334;37;1187;545;231;103;16;10
2014;15;130;96;26;309;140;26;169;140;77;63;7;8
2014;16;273;163;58;1286;367;54;713;573;210;157;30;18
2014;17;231;179;16;850;313;16;295;555;103;210;4;8
2014;18;403;226;36;1426;454;34;805;621;263;191;13;17
2014;19;414;221;32;2360;567;32;1206;1154;303;264;15;13
2014;20;175;133;6;238;159;6;157;81;104;55;2;3
2014;21;199;132;18;571;273;18;304;267;147;126;8;8
2014;22;426;312;42;2205;637;40;956;1249;292;345;12;25
2014;23;182;136;23;1005;310;22;498;507;150;160;10;8
2014;24;159;71;12;301;124;12;145;156;55;69;4;2
2014;25;253;238;19;1938;434;18;393;1545;94;340;2;14
2014;26;388;310;52;2302;418;51;614;1688;104;314;9;35
2014;27;625;435;94;2467;582;90;717;1750;139;443;24;56
2014;28;362;320;25;681;337;25;108;573;78;259;3;19
2014;29;162;132;6;122;104;6;21;101;19;85;NA;5
2014;30;213;180;11;229;140;11;46;183;35;105;1;9
2014;31;307;278;11;311;212;10;116;195;84;128;4;5
2014;32;258;231;10;598;229;10;199;399;89;140;3;5
2014;33;280;245;15;460;245;14;170;290;89;156;7;6
2014;34;78;72;4;24;22;4;8;16;8;14;NA;2
2014;35;142;133;12;243;172;12;99;144;73;99;2;8
2014;36;201;181;8;124;77;8;50;74;33;44;5;3
2014;37;92;85;2;14;11;1;5;9;4;7;1;NA
2014;60;404;272;66;1418;420;62;236;1182;74;346;10;43
2014;61;394;227;30;787;330;30;136;651;71;259;1;27
2014;62;191;155;26;597;206;25;202;395;71;135;6;14
2014;63;261;156;20;468;207;20;73;395;39;168;2;16
2014;64;546;443;24;581;352;22;298;283;185;167;6;13
2014;65;677;492;21;480;296;21;268;212;166;130;9;7
2014;66;249;206;19;414;236;19;223;191;135;101;11;5
2014;67;329;212;23;335;232;23;167;168;121;111;7;10
2014;68;292;255;8;148;132;8;74;74;66;66;4;3
2014;69;257;193;5;52;46;5;33;19;29;17;3;1
2014;70;277;125;43;1356;467;40;726;630;262;205;21;15
2014;71;236;69;34;1147;288;32;652;495;161;127;11;18
2014;72;88;75;1;54;54;1;17;37;17;37;NA;1
2014;73;24;17;2;8;8;2;NA;8;NA;8;NA;1
2014;74;139;81;39;709;269;39;210;499;92;177;11;19
2014;76;13;5;2;15;13;2;1;14;1;12;NA;2
2014;77;4;4;0;0;0;0;NA;NA;NA;NA;NA;NA
2014;85;103;78;12;127;87;11;64;63;41;46;5;4
2014;86;119;104;26;520;225;25;212;308;110;115;11;9
2014;87;179;138;15;100;71;13;58;42;40;31;4;4
2015;1;255;75;61;2473;167;60;NA;NA;NA;NA;NA;NA
2015;2;243;62;54;2958;124;54;NA;NA;NA;NA;NA;NA
2015;3;35;15;7;215;46;7;NA;NA;NA;NA;NA;NA
2015;4;270;106;20;1003;299;20;NA;NA;NA;NA;NA;NA
2015;5;303;178;54;3709;334;54;NA;NA;NA;NA;NA;NA
2015;6;409;230;91;3327;420;84;NA;NA;NA;NA;NA;NA
2015;7;289;195;42;1724;443;38;NA;NA;NA;NA;NA;NA
2015;8;52;42;1;46;46;1;NA;NA;NA;NA;NA;NA
2015;9;216;128;19;928;506;19;NA;NA;NA;NA;NA;NA
2015;10;108;60;3;100;72;3;NA;NA;NA;NA;NA;NA
2015;11;184;126;64;2148;346;59;NA;NA;NA;NA;NA;NA
2015;12;52;30;6;94;58;6;NA;NA;NA;NA;NA;NA
2015;13;32;22;5;117;56;5;NA;NA;NA;NA;NA;NA
2015;14;179;126;43;1555;336;42;NA;NA;NA;NA;NA;NA
2015;15;133;91;13;194;119;13;NA;NA;NA;NA;NA;NA
2015;16;240;148;56;1144;341;53;NA;NA;NA;NA;NA;NA
2015;17;203;139;24;1076;378;24;NA;NA;NA;NA;NA;NA
2015;18;398;222;38;1245;494;37;NA;NA;NA;NA;NA;NA
2015;19;426;234;27;1802;527;25;NA;NA;NA;NA;NA;NA
2015;20;168;119;10;506;233;9;NA;NA;NA;NA;NA;NA
2015;21;189;142;9;384;201;9;NA;NA;NA;NA;NA;NA
2015;22;419;304;30;1448;570;28;NA;NA;NA;NA;NA;NA
2015;23;232;151;25;904;315;25;NA;NA;NA;NA;NA;NA
2015;24;172;82;4;144;78;4;NA;NA;NA;NA;NA;NA
2015;25;294;277;20;1972;471;20;NA;NA;NA;NA;NA;NA
2015;26;361;284;48;2214;476;47;NA;NA;NA;NA;NA;NA
2015;27;594;410;52;1911;530;50;NA;NA;NA;NA;NA;NA
2015;28;339;304;19;451;264;19;NA;NA;NA;NA;NA;NA
2015;29;114;95;5;82;64;5;NA;NA;NA;NA;NA;NA
2015;30;180;157;9;205;153;9;NA;NA;NA;NA;NA;NA
2015;31;271;247;13;300;222;13;NA;NA;NA;NA;NA;NA
2015;32;200;185;16;679;238;16;NA;NA;NA;NA;NA;NA
2015;33;258;195;14;450;228;14;NA;NA;NA;NA;NA;NA
2015;34;73;67;1;24;24;1;NA;NA;NA;NA;NA;NA
2015;35;141;130;12;176;128;12;NA;NA;NA;NA;NA;NA
2015;36;168;149;5;68;52;5;NA;NA;NA;NA;NA;NA
2015;37;78;71;3;75;71;3;NA;NA;NA;NA;NA;NA
2015;60;411;315;54;1412;454;51;NA;NA;NA;NA;NA;NA
2015;61;337;182;28;719;306;26;NA;NA;NA;NA;NA;NA
2015;62;195;153;27;642;260;27;NA;NA;NA;NA;NA;NA
2015;63;256;179;23;510;198;21;NA;NA;NA;NA;NA;NA
2015;64;443;355;27;769;419;26;NA;NA;NA;NA;NA;NA
2015;65;618;443;19;669;389;19;NA;NA;NA;NA;NA;NA
2015;66;255;208;14;173;120;14;NA;NA;NA;NA;NA;NA
2015;67;321;219;14;264;174;14;NA;NA;NA;NA;NA;NA
2015;68;282;258;5;68;56;5;NA;NA;NA;NA;NA;NA
2015;69;235;182;9;108;77;8;NA;NA;NA;NA;NA;NA
2015;70;296;123;35;1222;486;34;NA;NA;NA;NA;NA;NA
2015;71;228;84;36;1099;380;36;NA;NA;NA;NA;NA;NA
2015;72;88;82;2;37;37;2;NA;NA;NA;NA;NA;NA
2015;73;22;14;2;9;9;2;NA;NA;NA;NA;NA;NA
2015;74;143;86;42;627;269;40;NA;NA;NA;NA;NA;NA
2015;76;13;8;1;3;3;1;NA;NA;NA;NA;NA;NA
2015;77;7;2;0;0;0;0;NA;NA;NA;NA;NA;NA
2015;85;83;65;18;228;122;17;NA;NA;NA;NA;NA;NA
2015;86;122;89;11;183;129;11;NA;NA;NA;NA;NA;NA
2015;87;211;151;9;174;108;9;NA;NA;NA;NA;NA;NA
2016;1;263;80;63;3258;225;62;NA;NA;NA;NA;NA;NA
2016;2;214;57;37;2091;120;36;NA;NA;NA;NA;NA;NA
2016;3;35;16;6;186;43;6;NA;NA;NA;NA;NA;NA
2016;4;241;123;26;1943;449;26;NA;NA;NA;NA;NA;NA
2016;5;297;179;57;3376;331;55;NA;NA;NA;NA;NA;NA
2016;6;330;187;93;3921;395;90;NA;NA;NA;NA;NA;NA
2016;7;271;186;40;1801;474;39;NA;NA;NA;NA;NA;NA
2016;8;53;43;3;116;80;3;NA;NA;NA;NA;NA;NA
2016;9;225;142;24;903;321;23;NA;NA;NA;NA;NA;NA
2016;10;107;53;5;317;156;5;NA;NA;NA;NA;NA;NA
2016;11;147;111;67;2264;340;62;NA;NA;NA;NA;NA;NA
2016;12;45;28;6;138;76;6;NA;NA;NA;NA;NA;NA
2016;13;29;13;1;7;7;1;NA;NA;NA;NA;NA;NA
2016;14;180;122;34;1581;352;34;NA;NA;NA;NA;NA;NA
2016;15;138;97;21;386;186;20;NA;NA;NA;NA;NA;NA
2016;16;276;152;66;1452;387;65;NA;NA;NA;NA;NA;NA
2016;17;224;149;16;934;354;16;NA;NA;NA;NA;NA;NA
2016;18;415;216;33;1644;488;33;NA;NA;NA;NA;NA;NA
2016;19;394;227;39;2332;609;39;NA;NA;NA;NA;NA;NA
2016;20;205;152;6;168;137;6;NA;NA;NA;NA;NA;NA
2016;21;218;165;16;685;311;16;NA;NA;NA;NA;NA;NA
2016;22;441;358;31;1533;631;29;NA;NA;NA;NA;NA;NA
2016;23;205;145;19;832;286;19;NA;NA;NA;NA;NA;NA
2016;24;161;64;8;404;193;8;NA;NA;NA;NA;NA;NA
2016;25;268;256;30;2591;495;30;NA;NA;NA;NA;NA;NA
2016;26;336;291;50;2558;577;50;NA;NA;NA;NA;NA;NA
2016;27;576;406;73;2064;564;70;NA;NA;NA;NA;NA;NA
2016;28;296;271;16;513;251;16;NA;NA;NA;NA;NA;NA
2016;29;99;82;2;18;17;2;NA;NA;NA;NA;NA;NA
2016;30;175;163;4;88;78;4;NA;NA;NA;NA;NA;NA
2016;31;267;239;25;783;352;25;NA;NA;NA;NA;NA;NA
2016;32;201;177;15;706;274;15;NA;NA;NA;NA;NA;NA
2016;33;236;191;12;411;203;12;NA;NA;NA;NA;NA;NA
2016;34;75;69;2;42;41;2;NA;NA;NA;NA;NA;NA
2016;35;158;140;14;240;151;13;NA;NA;NA;NA;NA;NA
2016;36;170;151;6;139;109;6;NA;NA;NA;NA;NA;NA
2016;37;61;56;2;8;6;2;NA;NA;NA;NA;NA;NA
2016;60;384;318;47;1671;439;44;NA;NA;NA;NA;NA;NA
2016;61;357;230;30;993;366;30;NA;NA;NA;NA;NA;NA
2016;62;226;185;15;345;184;15;NA;NA;NA;NA;NA;NA
2016;63;231;171;18;500;187;17;NA;NA;NA;NA;NA;NA
2016;64;407;320;27;802;406;27;NA;NA;NA;NA;NA;NA
2016;65;547;421;24;634;360;24;NA;NA;NA;NA;NA;NA
2016;66;252;213;15;371;222;14;NA;NA;NA;NA;NA;NA
2016;67;314;208;11;175;140;11;NA;NA;NA;NA;NA;NA
2016;68;196;179;8;149;110;6;NA;NA;NA;NA;NA;NA
2016;69;210;175;9;120;92;8;NA;NA;NA;NA;NA;NA
2016;70;312;155;51;1722;544;47;NA;NA;NA;NA;NA;NA
2016;71;217;73;29;908;265;25;NA;NA;NA;NA;NA;NA
2016;72;82;71;2;96;89;2;NA;NA;NA;NA;NA;NA
2016;73;19;16;1;4;4;1;NA;NA;NA;NA;NA;NA
2016;74;137;78;29;441;221;27;NA;NA;NA;NA;NA;NA
2016;76;11;4;2;15;15;2;NA;NA;NA;NA;NA;NA
2016;77;5;3;0;0;0;0;NA;NA;NA;NA;NA;NA
2016;85;97;75;16;218;105;16;NA;NA;NA;NA;NA;NA
2016;86;107;89;15;330;149;14;NA;NA;NA;NA;NA;NA
2016;87;174;134;11;231;137;11;NA;NA;NA;NA;NA;NA
2017;1;231;65;78;3823;237;74;NA;NA;NA;NA;NA;NA
2017;2;204;50;43;2058;130;41;NA;NA;NA;NA;NA;NA
2017;3;31;9;4;101;44;4;NA;NA;NA;NA;NA;NA
2017;4;280;132;16;1019;359;16;NA;NA;NA;NA;NA;NA
2017;5;299;185;57;3927;461;56;NA;NA;NA;NA;NA;NA
2017;6;331;200;98;4030;401;85;NA;NA;NA;NA;NA;NA
2017;7;316;200;20;924;324;16;NA;NA;NA;NA;NA;NA
2017;8;60;49;5;151;78;5;NA;NA;NA;NA;NA;NA
2017;9;212;124;29;1067;442;27;NA;NA;NA;NA;NA;NA
2017;10;98;51;3;169;130;3;NA;NA;NA;NA;NA;NA
2017;11;226;179;52;1674;398;51;NA;NA;NA;NA;NA;NA
2017;12;40;28;9;163;72;9;NA;NA;NA;NA;NA;NA
2017;13;40;27;6;133;45;6;NA;NA;NA;NA;NA;NA
2017;14;177;138;29;1253;354;28;NA;NA;NA;NA;NA;NA
2017;15;154;105;17;419;182;16;NA;NA;NA;NA;NA;NA
2017;16;259;174;47;998;331;44;NA;NA;NA;NA;NA;NA
2017;17;237;170;12;774;358;12;NA;NA;NA;NA;NA;NA
2017;18;402;207;34;1636;520;32;NA;NA;NA;NA;NA;NA
2017;19;428;220;27;2011;647;27;NA;NA;NA;NA;NA;NA
2017;20;164;133;5;179;145;5;NA;NA;NA;NA;NA;NA
2017;21;176;137;21;866;351;20;NA;NA;NA;NA;NA;NA
2017;22;404;319;42;2258;741;42;NA;NA;NA;NA;NA;NA
2017;23;165;117;22;762;291;22;NA;NA;NA;NA;NA;NA
2017;24;142;75;6;241;125;6;NA;NA;NA;NA;NA;NA
2017;25;208;203;25;2001;437;24;NA;NA;NA;NA;NA;NA
2017;26;324;290;31;1546;430;30;NA;NA;NA;NA;NA;NA
2017;27;515;365;74;2667;602;73;NA;NA;NA;NA;NA;NA
2017;28;260;230;8;256;180;8;NA;NA;NA;NA;NA;NA
2017;29;96;77;2;57;54;2;NA;NA;NA;NA;NA;NA
2017;30;128;111;3;76;56;3;NA;NA;NA;NA;NA;NA
2017;31;196;171;14;288;190;13;NA;NA;NA;NA;NA;NA
2017;32;181;173;15;516;217;15;NA;NA;NA;NA;NA;NA
2017;33;197;146;12;354;188;10;NA;NA;NA;NA;NA;NA
2017;34;69;57;0;0;0;0;NA;NA;NA;NA;NA;NA
2017;35;176;164;14;253;158;13;NA;NA;NA;NA;NA;NA
2017;36;167;156;4;73;56;4;NA;NA;NA;NA;NA;NA
2017;37;59;57;4;31;29;3;NA;NA;NA;NA;NA;NA
2017;60;366;297;58;1476;441;51;NA;NA;NA;NA;NA;NA
2017;61;350;228;33;901;258;31;NA;NA;NA;NA;NA;NA
2017;62;209;170;17;430;209;17;NA;NA;NA;NA;NA;NA
2017;63;203;170;23;460;188;22;NA;NA;NA;NA;NA;NA
2017;64;384;298;27;591;323;24;NA;NA;NA;NA;NA;NA
2017;65;462;334;11;215;152;11;NA;NA;NA;NA;NA;NA
2017;66;223;188;11;320;210;11;NA;NA;NA;NA;NA;NA
2017;67;277;204;12;186;142;12;NA;NA;NA;NA;NA;NA
2017;68;225;208;11;168;137;10;NA;NA;NA;NA;NA;NA
2017;69;187;165;8;168;111;8;NA;NA;NA;NA;NA;NA
2017;70;272;130;42;1477;482;40;NA;NA;NA;NA;NA;NA
2017;71;208;67;43;1356;353;40;NA;NA;NA;NA;NA;NA
2017;72;97;86;2;90;75;2;NA;NA;NA;NA;NA;NA
2017;73;22;20;4;15;15;4;NA;NA;NA;NA;NA;NA
2017;74;122;66;29;422;217;27;NA;NA;NA;NA;NA;NA
2017;76;25;15;2;8;8;1;NA;NA;NA;NA;NA;NA
2017;77;9;4;1;7;7;1;NA;NA;NA;NA;NA;NA
2017;85;80;64;9;136;75;9;NA;NA;NA;NA;NA;NA
2017;86;105;81;15;239;138;14;NA;NA;NA;NA;NA;NA
2017;87;157;113;8;150;88;8;NA;NA;NA;NA;NA;NA
2018;1;223;55;66;2699;204;64;NA;NA;NA;NA;NA;NA
2018;2;224;63;27;1936;126;27;NA;NA;NA;NA;NA;NA
2018;3;43;13;4;120;37;4;NA;NA;NA;NA;NA;NA
2018;4;294;120;24;1426;399;20;NA;NA;NA;NA;NA;NA
2018;5;291;152;39;2362;392;37;NA;NA;NA;NA;NA;NA
2018;6;330;183;93;3216;422;81;NA;NA;NA;NA;NA;NA
2018;7;288;174;29;1359;378;28;NA;NA;NA;NA;NA;NA
2018;8;42;35;5;154;104;5;NA;NA;NA;NA;NA;NA
2018;9;251;155;28;1176;490;26;NA;NA;NA;NA;NA;NA
2018;10;114;70;7;305;150;6;NA;NA;NA;NA;NA;NA
2018;11;160;124;52;1590;323;44;NA;NA;NA;NA;NA;NA
2018;12;55;45;11;230;76;10;NA;NA;NA;NA;NA;NA
2018;13;45;29;6;169;85;6;NA;NA;NA;NA;NA;NA
2018;14;185;137;26;1262;268;24;NA;NA;NA;NA;NA;NA
2018;15;153;104;22;403;181;22;NA;NA;NA;NA;NA;NA
2018;16;234;159;50;1000;388;46;NA;NA;NA;NA;NA;NA
2018;17;208;131;15;707;296;14;NA;NA;NA;NA;NA;NA
2018;18;401;202;30;1512;478;27;NA;NA;NA;NA;NA;NA
2018;19;472;251;27;2046;613;24;NA;NA;NA;NA;NA;NA
2018;20;184;160;6;180;121;6;NA;NA;NA;NA;NA;NA
2018;21;222;178;12;535;234;12;NA;NA;NA;NA;NA;NA
2018;22;412;342;29;1535;550;27;NA;NA;NA;NA;NA;NA
2018;23;211;126;23;842;298;23;NA;NA;NA;NA;NA;NA
2018;24;117;55;6;224;135;5;NA;NA;NA;NA;NA;NA
2018;25;203;197;22;1763;420;22;NA;NA;NA;NA;NA;NA
2018;26;261;244;30;1396;457;29;NA;NA;NA;NA;NA;NA
2018;27;536;382;68;2006;558;66;NA;NA;NA;NA;NA;NA
2018;28;231;202;8;154;109;8;NA;NA;NA;NA;NA;NA
2018;29;96;84;4;86;71;4;NA;NA;NA;NA;NA;NA
2018;30;137;120;10;229;145;10;NA;NA;NA;NA;NA;NA
2018;31;238;188;12;267;179;12;NA;NA;NA;NA;NA;NA
2018;32;170;154;14;373;172;13;NA;NA;NA;NA;NA;NA
2018;33;198;132;9;244;133;9;NA;NA;NA;NA;NA;NA
2018;34;65;57;2;26;25;2;NA;NA;NA;NA;NA;NA
2018;35;155;146;7;123;100;7;NA;NA;NA;NA;NA;NA
2018;36;166;149;3;27;27;3;NA;NA;NA;NA;NA;NA
2018;37;80;68;2;7;7;2;NA;NA;NA;NA;NA;NA
2018;60;389;324;56;1313;416;53;NA;NA;NA;NA;NA;NA
2018;61;352;242;27;636;239;23;NA;NA;NA;NA;NA;NA
2018;62;146;127;18;346;156;16;NA;NA;NA;NA;NA;NA
2018;63;207;176;22;556;194;20;NA;NA;NA;NA;NA;NA
2018;64;336;282;23;540;293;21;NA;NA;NA;NA;NA;NA
2018;65;418;324;19;456;268;19;NA;NA;NA;NA;NA;NA
2018;66;198;168;5;97;86;5;NA;NA;NA;NA;NA;NA
2018;67;290;222;14;262;191;13;NA;NA;NA;NA;NA;NA
2018;68;238;217;7;95;82;6;NA;NA;NA;NA;NA;NA
2018;69;179;150;6;105;85;5;NA;NA;NA;NA;NA;NA
2018;70;280;127;40;1074;388;37;NA;NA;NA;NA;NA;NA
2018;71;178;71;36;1075;310;34;NA;NA;NA;NA;NA;NA
2018;72;104;86;1;42;42;1;NA;NA;NA;NA;NA;NA
2018;73;27;19;1;7;7;1;NA;NA;NA;NA;NA;NA
2018;74;152;86;50;840;244;47;NA;NA;NA;NA;NA;NA
2018;76;10;7;3;53;46;3;NA;NA;NA;NA;NA;NA
2018;77;7;5;0;0;0;0;NA;NA;NA;NA;NA;NA
2018;85;72;46;7;105;71;6;NA;NA;NA;NA;NA;NA
2018;86;107;90;15;175;117;14;NA;NA;NA;NA;NA;NA
2018;87;129;104;5;72;55;5;NA;NA;NA;NA;NA;NA
2019;1;254;68;53;2297;214;50;NA;NA;NA;NA;NA;NA
2019;2;219;57;44;2953;150;43;NA;NA;NA;NA;NA;NA
2019;3;45;21;6;282;55;6;NA;NA;NA;NA;NA;NA
2019;4;251;100;13;1235;454;13;NA;NA;NA;NA;NA;NA
2019;5;288;143;47;2829;341;46;NA;NA;NA;NA;NA;NA
2019;6;367;196;85;2958;434;77;NA;NA;NA;NA;NA;NA
2019;7;270;167;15;864;324;14;NA;NA;NA;NA;NA;NA
2019;8;57;47;7;248;108;7;NA;NA;NA;NA;NA;NA
2019;9;245;136;21;1086;474;21;NA;NA;NA;NA;NA;NA
2019;10;109;67;2;103;91;2;NA;NA;NA;NA;NA;NA
2019;11;193;151;52;1843;349;49;NA;NA;NA;NA;NA;NA
2019;12;48;30;4;60;48;4;NA;NA;NA;NA;NA;NA
2019;13;41;29;2;25;25;2;NA;NA;NA;NA;NA;NA
2019;14;192;146;20;1069;275;20;NA;NA;NA;NA;NA;NA
2019;15;161;109;18;416;192;17;NA;NA;NA;NA;NA;NA
2019;16;224;170;59;1296;355;56;NA;NA;NA;NA;NA;NA
2019;17;262;178;11;616;331;10;NA;NA;NA;NA;NA;NA
2019;18;466;228;20;1228;512;19;NA;NA;NA;NA;NA;NA
2019;19;486;243;30;2135;594;30;NA;NA;NA;NA;NA;NA
2019;20;159;132;3;95;88;3;NA;NA;NA;NA;NA;NA
2019;21;225;161;17;571;324;17;NA;NA;NA;NA;NA;NA
2019;22;395;333;20;1003;578;20;NA;NA;NA;NA;NA;NA
2019;23;203;117;14;387;188;14;NA;NA;NA;NA;NA;NA
2019;24;160;80;6;169;102;5;NA;NA;NA;NA;NA;NA
2019;25;259;248;22;1307;338;21;NA;NA;NA;NA;NA;NA
2019;26;278;266;41;1812;365;39;NA;NA;NA;NA;NA;NA
2019;27;525;327;66;2084;468;64;NA;NA;NA;NA;NA;NA
2019;28;257;230;8;271;162;8;NA;NA;NA;NA;NA;NA
2019;29;111;100;4;46;45;4;NA;NA;NA;NA;NA;NA
2019;30;123;108;3;70;66;3;NA;NA;NA;NA;NA;NA
2019;31;217;177;15;360;173;15;NA;NA;NA;NA;NA;NA
2019;32;167;117;11;215;135;10;NA;NA;NA;NA;NA;NA
2019;33;237;166;3;121;72;3;NA;NA;NA;NA;NA;NA
2019;34;76;63;4;42;37;4;NA;NA;NA;NA;NA;NA
2019;35;137;127;10;136;107;10;NA;NA;NA;NA;NA;NA
2019;36;166;147;0;0;0;0;NA;NA;NA;NA;NA;NA
2019;37;75;62;1;11;11;1;NA;NA;NA;NA;NA;NA
2019;60;435;357;51;1417;372;49;NA;NA;NA;NA;NA;NA
2019;61;369;261;33;885;291;30;NA;NA;NA;NA;NA;NA
2019;62;195;160;10;296;142;10;NA;NA;NA;NA;NA;NA
2019;63;238;170;20;421;139;17;NA;NA;NA;NA;NA;NA
2019;64;350;282;22;525;299;22;NA;NA;NA;NA;NA;NA
2019;65;393;318;13;324;193;11;NA;NA;NA;NA;NA;NA
2019;66;181;161;5;59;47;5;NA;NA;NA;NA;NA;NA
2019;67;300;214;8;150;125;8;NA;NA;NA;NA;NA;NA
2019;68;294;260;5;54;52;5;NA;NA;NA;NA;NA;NA
2019;69;166;138;9;142;96;9;NA;NA;NA;NA;NA;NA
2019;70;289;126;36;1161;407;31;NA;NA;NA;NA;NA;NA
2019;71;191;75;26;923;249;26;NA;NA;NA;NA;NA;NA
2019;72;130;105;1;28;28;1;NA;NA;NA;NA;NA;NA
2019;73;19;16;3;14;12;3;NA;NA;NA;NA;NA;NA
2019;74;163;98;48;680;238;42;NA;NA;NA;NA;NA;NA
2019;76;14;9;0;0;0;NA;NA;NA;NA;NA;NA;NA
2019;77;7;0;0;0;0;0;NA;NA;NA;NA;NA;NA
2019;85;63;51;13;183;131;13;NA;NA;NA;NA;NA;NA
2019;86;60;48;9;167;78;8;NA;NA;NA;NA;NA;NA
2019;87;102;88;1;10;10;1;NA;NA;NA;NA;NA;NA
